<?xml version="1.0"?>
<question type=multichoice>
	<name>
		<text>Demo question à choix multiples</text>
	</name>
	<questiontext format=html>
		<text>Quel est la bonne réponse ?</text>
	</questiontext>
	<penalty>1</penalty>
	<defaultgrade>1</defaultgrade>
	<answer fraction="100">
		<text>Ceci est la bonne réponse<text>
		<feedback>
			<text>Bravo !</text>
		</feedback>
	</answer>
	<answer fraction="0">
		<text>Une mauvaise réponse</text>
		<feedback>
			<text>Ooops!</text>
		</feedback>
	</answer>
	<answer fraction="0">
		<text>Une autre mauvaise réponse</text>
		<feedback>
			<text>Ooops!</text>
		</feedback>
	</answer>
	<shuffleanswers>1</shuffleanswers>
	<single>true</single>
</question>
